clip_name,label,mfcc_1,mfcc_2
clip_00001.wav,orca_call,"[-376.07745291  145.99649924   23.41460028   54.33954329   29.54797256
   26.62390726   -0.54445081  -10.43846558   -4.38470535   26.46253067
   19.65445716    4.28567193   -8.79477251]","[-0.02086185  0.04487121 -0.03979078  0.06279919  0.06242372  0.07818844
 -0.01969557 -0.08901205 -0.05822887  0.09067391  0.10418539 -0.02635495
 -0.03699755]"
neg_00001.wav,no_call,"[-301.05176099  124.36638192   24.35251875   45.92487271   29.61131896
   23.29409686   -4.3946677   -11.59182844   -8.53340839   20.1552209
   20.33360181    6.66041766  -12.89125907]","[ 0.10243396 -0.04515657 -0.03480696 -0.00465467  0.04926537  0.02719336
  0.00824885 -0.03943777 -0.02750053 -0.02151703  0.08734996  0.06252226
  0.01265223]"
clip_00002.wav,orca_call,"[-397.26383613  147.14469656   29.37716916   52.99132995   30.46520574
   26.34748808   -1.08933869   -8.22122221   -6.97808006   18.01772845
   18.02941194    4.9057687   -10.08267007]","[-0.16113247  0.08628233 -0.05325908  0.05221644  0.05490598  0.01668299
 -0.06177316 -0.01785245  0.03054814  0.08800499  0.06900973  0.03673523
 -0.03645633]"
neg_00002.wav,no_call,"[-310.41622392  128.30735896   23.81078083   45.82775058   27.13200678
   21.75840823   -5.1711267   -12.62627066   -9.49283707   19.8522018
   19.19229588    5.54842427  -12.26640278]","[ 0.22200175 -0.08750421  0.01047175  0.07225919  0.00147976 -0.02842985
  0.02188072  0.01498274 -0.11796084  0.01971276  0.05651215  0.04157925
  0.05087715]"
clip_00003.wav,orca_call,"[-325.27259746  143.6166812    11.4346182    59.75269112   33.98552866
   24.41936987   -0.78421866  -11.90049025   -7.10659297   23.99211334
   15.36189959    1.39511871   -5.1709348 ]","[ 0.7359149  -0.31357761  0.25408469 -0.10444596 -0.14573171 -0.27758357
  0.18684017  0.41227944  0.20798714 -0.25871988 -0.27311888  0.07088498
  0.10885925]"
neg_00003.wav,no_call,"[-342.75598603  173.11742621   24.73962112   55.65953147   29.77023192
    3.6296299    -9.1098255   -26.73694078  -25.91160554   15.52572974
   18.24718632   -1.81403152   -4.51681147]","[-1.08213422  0.60492267 -0.09334926 -0.40998526  0.59871399 -0.0183421
  0.13519733  0.03452042  0.08522252 -0.22488919 -0.03147822 -0.08454362
 -0.14682407]"
clip_00004.wav,orca_call,"[-334.50015199  147.21456087   20.49886797   55.16589089   27.24975014
   22.588239      1.59944907  -11.74735344   -3.51020056   27.38490065
   22.09516629    7.91359078   -7.46113164]","[-1.73188266  0.3398952   0.54121907 -0.0764333   0.17308631 -0.04122797
 -0.22279321  0.01339697  0.0732199  -0.10194242 -0.14140286  0.07241348
  0.1866872 ]"
neg_00004.wav,no_call,"[-314.00102053  127.11454884   24.36527463   46.16228312   27.07537404
   22.60313782   -4.42425299  -12.9168878   -10.71731802   19.21165031
   19.78698207    4.69787586  -12.46055527]","[ 3.15421653e-01  4.80994332e-02  5.18262401e-02 -3.82636997e-02
  2.25941531e-02 -1.71162583e-02  4.97735146e-02  7.20350027e-02
  1.19003896e-01 -1.29645278e-02 -9.96555061e-02 -2.61730883e-04
  8.01487028e-03]"
clip_00005.wav,orca_call,"[-361.96824227  151.65049388   26.69053633   51.19707023   33.14426525
   30.57867369    2.01125711  -10.93910622   -6.57353067   20.47424425
   20.46552429    6.88663356   -6.57797473]","[ 0.48406985  0.051269   -0.23982213 -0.01323167  0.1645996   0.04791968
 -0.14035849 -0.1276667   0.08008988  0.13415087 -0.06654515  0.03719342
  0.04745255]"
neg_00005.wav,no_call,"[-532.64304948  121.53705799   46.4802042    39.40213211   29.23602574
   25.59592731   12.42795384   14.37001956    8.40092908   13.67423275
    8.05934539    9.68509479    0.70245612]","[ 0.09807225 -0.03382755  0.01970828  0.03090312 -0.03568915 -0.06652365
 -0.00906845 -0.02652503 -0.02879459 -0.0380718   0.04440977 -0.02330537
 -0.02959285]"
clip_00006.wav,orca_call,"[-356.55542838  151.5653473    29.58569191   52.40848608   31.77374007
   30.55491328    3.37313131   -9.4209219    -9.23551615   17.73841378
   20.30792638    8.54707578   -7.45591876]","[-0.28551605  0.10987236  0.02055497  0.13311737  0.08305943  0.03624227
 -0.06253245 -0.09560441 -0.02730301  0.03767303  0.03091564 -0.03219138
 -0.04605054]"
neg_00006.wav,no_call,"[-329.97166993  190.17116789   21.00029022   47.10108348   29.37020739
    5.66069637   -8.6049038   -30.28111107  -24.74040021   19.24283813
   17.23061717   -3.85885318   -5.81880588]","[ 0.39863686 -1.35696061  0.14924129  0.32725279 -0.53593746 -0.14692353
  0.2856218   0.34097543  0.16923538 -0.10640743 -0.07023434  0.21649496
  0.10680895]"
clip_00007.wav,orca_call,"[-279.51220045  132.4930519     2.26812617   45.43950017   21.8904283
   24.27047271   -3.88063573  -10.76152209   -8.99592633   17.15770009
   17.28460482    7.65801584  -13.6292988 ]","[-2.16634028  0.02911743  0.77145011  0.18995087  0.04690725  0.03174243
 -0.08780478 -0.14136182 -0.0548927  -0.11002789  0.07732018  0.20832543
  0.08121817]"
neg_00007.wav,no_call,"[-386.00450115  174.08639485   28.12592989   48.35501932   35.01385129
    6.3807312    -3.3782044   -18.61199031  -15.88211693   16.18776244
   14.01965994   -4.32348362   -3.91940096]","[ 0.87740422 -0.16399561  0.12802682 -0.5169283  -0.26357554  0.69403123
 -0.06060345 -0.56041257 -0.07301909  0.21673423  0.23062544  0.02571654
 -0.02915488]"
clip_00008.wav,orca_call,"[-288.81636635  134.95447566   13.64741023   46.03405296   26.15795404
   27.01976004   -2.92400727  -12.08236088  -10.96369124   20.79907922
   20.50842421    6.20718955  -10.76056582]","[ 0.76528087 -0.02138989 -0.24423127 -0.01217439  0.05101911  0.08375717
 -0.07016325 -0.14885212  0.09207379  0.23072989  0.02851199 -0.19713341
  0.02669293]"
neg_00008.wav,no_call,"[-341.49203869  134.04638416   12.67192609   49.61871012   28.75007646
   25.24308689   -7.19550062  -13.24501484   -6.48060899   23.31331584
   19.5769416     4.52484986  -11.28134963]","[-0.23158     0.15173613  0.18751084  0.08781675  0.01033822 -0.00522101
  0.08854746  0.0709965  -0.1785099  -0.02440466  0.14636698  0.11053563
 -0.12125756]"
clip_00009.wav,orca_call,"[-319.06506381  135.05307769    5.74149665   43.85252929   19.77017053
   21.20841015   -5.73148767  -10.06753613   -6.77145477   20.61159057
   20.68621987   11.8196411   -12.33782087]","[-0.00201802  0.02870365  0.04406434  0.01152663  0.03404764  0.01685115
 -0.00446224 -0.01602695 -0.03362665  0.01755385  0.02623287 -0.04980852
  0.04790082]"
neg_00009.wav,no_call,"[-307.03218333  127.07070717   23.80853883   45.93234572   28.20808609
   22.50065982   -4.14283388  -12.18151467  -10.05014478   18.98405867
   18.88710495    4.87940983  -12.56688364]","[ 0.2996377  -0.03711269 -0.10609449 -0.12944917 -0.08345088 -0.09976097
  0.01127258  0.06565631  0.03475861 -0.00634811 -0.02039879 -0.03503733
  0.05085009]"
clip_00010.wav,orca_call,"[-336.01925556  134.81094876   11.43618107   47.45806321   24.33393774
   22.13580442   -5.48042011  -12.3694726    -9.80925652   19.81969827
   20.37575295    7.53361827  -11.88800082]","[-0.25452424 -0.03153358  0.14164687 -0.11101693 -0.03855899  0.02373857
  0.04682624  0.02927975 -0.03864954 -0.02515555  0.02270332 -0.0555281
 -0.04645228]"
neg_00010.wav,no_call,"[-5.26083941e+02  1.25878863e+02  4.57666021e+01  4.11616948e+01
  2.92374921e+01  2.44014993e+01  1.07616835e+01  1.24946263e+01
  5.98591814e+00  1.50717931e+01  8.83993591e+00  9.26316758e+00
 -4.36808355e-01]","[ 0.0576677  -0.05847349 -0.02699502 -0.04519088 -0.06379627 -0.02563984
  0.03965054  0.08860279  0.05071659  0.01805254 -0.01577085 -0.02526491
  0.08520578]"
clip_00011.wav,orca_call,"[-355.88628738  134.58086702   16.93269893   49.03353822   26.43477859
   24.81918563   -5.05882576  -11.61658857   -8.62924767   19.79879057
   18.3880849     4.70664431  -11.66717134]","[ 3.39726469e-02 -5.07108618e-02  7.25498795e-05  1.69247951e-02
 -2.29128595e-02 -4.34222278e-03  5.60645889e-02  9.27939374e-02
  2.81284211e-02 -1.27604632e-01 -5.92695036e-04  3.81197936e-02
  2.66666623e-02]"
neg_00011.wav,no_call,"[-298.96439727  124.40479846   22.63804313   42.88911197   26.27253897
   21.14656523   -6.62826003  -15.10063611  -10.6854736    20.04454702
   19.08147438    4.49520319  -14.07648966]","[-0.30543768 -0.04012617 -0.05805978  0.15592392  0.02721005 -0.06040885
 -0.11895602 -0.07125105 -0.01108978  0.01939575 -0.02835725 -0.03755728
 -0.04752545]"
clip_00012.wav,orca_call,"[-316.96963595  129.12735194   12.99149065   47.28649833   23.48744019
   21.61887368   -6.17635329  -14.53531639   -8.99616429   22.40851239
   18.35282689    7.38573636  -10.01909852]","[ 0.17617521  0.00495662  0.02101385  0.00806024  0.03796525  0.00662195
  0.06304406 -0.01667326 -0.06870509 -0.04525013 -0.0129849  -0.03172573
  0.03118589]"
neg_00012.wav,no_call,"[-342.50593106  132.91124546   13.16247032   46.3760266    26.42969925
   25.32062122   -3.89556702  -13.48858566   -8.34484034   20.6238597
   17.65536956    5.96369986  -10.72904401]","[-0.03089754  0.00226783  0.09843873 -0.0142322  -0.01588669 -0.0969699
 -0.01091818  0.03020429 -0.08821381 -0.0088219   0.06368978  0.05659573
  0.00076347]"
clip_00013.wav,orca_call,"[-321.86914763  131.13128403   19.46288397   44.98431758   23.73999271
   20.3927483    -8.66988088  -15.73755019  -10.5956701    19.99636217
   20.32285466    5.70694122  -12.379241  ]","[ 0.06433248  0.02476743  0.0567771   0.03795723 -0.02435727 -0.02191036
 -0.00031295 -0.02098411 -0.0302601  -0.03149856 -0.02320001 -0.06671654
 -0.04976119]"
neg_00013.wav,no_call,"[-330.89686298  129.26382279   13.89688993   46.95736683   25.65675497
   22.43396793   -7.0228505   -13.28434472   -9.40098083   19.84275353
   18.67719836    4.33189747  -14.19312113]","[ 0.48211466  0.0773108   0.03753713  0.04721256  0.01311309  0.01809697
  0.04202686  0.04557024 -0.03373696 -0.04464416 -0.007276    0.09952849
  0.02337234]"
clip_00014.wav,orca_call,"[-301.01991222  135.29317055    5.83554418   39.64312107   23.42880794
   17.82586628   -8.94488246  -13.35593017   -8.78985646   21.69127931
   20.98105066    5.23507087  -14.48485123]","[ 0.09842599 -0.00434664  0.03239145  0.06811341  0.05127859  0.05868671
  0.0159127  -0.04260274 -0.01266558 -0.01210015  0.01567617 -0.01721934
 -0.01504571]"
neg_00014.wav,no_call,"[-292.82747988  125.41395056   26.71418418   47.33829198   28.42840024
   25.4977478    -2.82236266  -11.98142544   -7.44159596   21.22437814
   21.71829895    7.52794753  -12.97678815]","[-0.27782335  0.13319874  0.01741665 -0.07926763 -0.08775167 -0.05326796
  0.01821046  0.0549751   0.01890604 -0.0076038   0.13805397  0.03692677
  0.01564445]"
clip_00015.wav,orca_call,"[-316.9653208   128.7495875    14.81013314   44.37824509   24.70395992
   20.52912814   -7.90755118  -15.65852749  -11.05752167   20.07778642
   20.83157073    4.62820933  -14.21536231]","[ 0.16568597 -0.00664249  0.11346177  0.02753228 -0.02455077  0.02302166
 -0.01032842 -0.07579783 -0.04135105 -0.06004638  0.01961116 -0.05774214
 -0.0968622 ]"
neg_00015.wav,no_call,"[-304.61090398  129.86610469   27.08524025   47.63077485   31.68296657
   26.35913281   -2.268252    -10.9833849    -8.28239462   21.64231603
   21.26994596    7.07110842  -11.22015515]","[-0.25755085  0.00397014  0.12540432  0.12881451 -0.00726777 -0.0650748
 -0.06440274  0.0112701   0.02951676  0.07941219 -0.01133409 -0.02686171
 -0.02467004]"
clip_00016.wav,orca_call,"[-285.34642778  131.34546772    6.94078905   44.21161376   27.34418717
   20.68058409  -10.40897764  -13.74878466   -6.55408741   25.10652617
   21.08898637    6.91480321  -11.98590014]","[ 0.0106864  -0.07076064 -0.15653175  0.27416172 -0.09227409 -0.11361355
  0.04187761  0.03898402 -0.16118672 -0.09106398  0.12851933  0.12423644
 -0.03199297]"
neg_00016.wav,no_call,"[-344.26579682  182.9855257    18.05304929   52.78129792   21.01720275
   -0.99917582   -5.26860228  -19.09622756  -26.0418084    17.36961979
   17.83239676   -4.05733498   -5.10013526]","[-1.72652307 -0.37166421  1.13615473  0.51212289 -0.2375128  -0.28383346
  0.30936033  0.34752402  0.16872453 -0.66303467 -0.27335491  0.28714757
 -0.20792617]"
clip_00017.wav,orca_call,"[-291.23819888  126.47803485    5.10250151   47.5842176    23.64652228
   18.32462666  -12.768103    -14.68929742   -7.6265204    18.80672035
   18.48799514   10.60133704  -11.55704168]","[-0.23256278  0.09969595  0.17810492 -0.00913328 -0.00578178  0.13447668
  0.08106261 -0.14486573 -0.07040495  0.2758495   0.02109826 -0.1800533
  0.06678361]"
neg_00017.wav,no_call,"[-534.47738845  120.51964771   45.35617484   39.23639176   29.36053301
   25.45081066   12.17125464   13.95425992    7.28499579   12.29653075
    7.75961527    9.99707687    1.64197485]","[ 0.02786196 -0.0073608  -0.02695773  0.00406162 -0.008112   -0.03114281
 -0.07188603 -0.03206002 -0.02131433 -0.04302811  0.06580006  0.00589429
  0.01162312]"
clip_00018.wav,orca_call,"[-308.05498753  130.65394168   19.47069767   45.21844753   27.95089557
   22.11832898   -7.1772682   -15.70456808  -10.3321242    21.16587041
   21.30269976    6.72878912  -12.71985016]","[ 0.05971561  0.09144428  0.11733296  0.07015535  0.05116371  0.02327948
  0.01280042  0.00060725  0.01008689 -0.00313943  0.06098634  0.09579911
  0.10719681]"
neg_00018.wav,no_call,"[-302.64785213  128.25393877   21.64056183   44.2133891    27.12799439
   22.46893509   -5.57676998  -12.50373406  -10.65454043   20.64546884
   20.02333942    5.80006653  -12.60020978]","[-0.12375768  0.05280582  0.07422036  0.15087934  0.14648734  0.05257683
 -0.05754889  0.00829999  0.08222983  0.01394875 -0.09101123  0.01153654
  0.02099913]"
clip_00019.wav,orca_call,"[-303.26980769  118.45687063   25.7921449    44.70587249   29.23579441
   22.69451664   -6.01837276  -13.59811027  -10.27880117   20.79965251
   19.1970893     6.34173082  -13.25667499]","[-0.21656543  0.05993106 -0.20091547  0.19565701 -0.00103834  0.16395813
 -0.02142538  0.00885253  0.01760059  0.04377183  0.1091268  -0.03400207
 -0.04859309]"
neg_00019.wav,no_call,"[-529.93277175  123.17909932   47.33781808   40.44655816   30.04471513
   25.71275268   12.40459191   13.52886783    7.47891652   13.36771792
    8.60905842   10.42597847    2.25693649]","[-0.1559086   0.03707851  0.08512729  0.07495018  0.0606222   0.02435043
  0.01979165  0.07841949  0.03608865 -0.03075126 -0.0361719  -0.00914537
 -0.0016398 ]"
clip_00020.wav,orca_call,"[-283.35487402  123.82404553   12.09666018   45.59038706   20.15659652
   15.55844523   -9.13303024  -10.57589443   -5.41688863   26.4330137
   22.13413753    4.92944446  -14.35239857]","[ 1.17150862 -0.3625159  -0.16222264 -0.04319458  0.23115138  0.03364185
 -0.41945016 -0.12498245  0.31853447 -0.04930644 -0.17894321 -0.37790299
  0.1547922 ]"
neg_00020.wav,no_call,"[-531.84278322  122.12479041   45.92920836   39.91906014   29.78722143
   26.54328533   11.77760964   14.35883447    7.02562232   14.03303732
    8.15768791   10.29099941    0.57767042]","[-0.51180806  0.00989991  0.02510523  0.02810637  0.08919835  0.14184732
  0.00267704 -0.02349152 -0.08750067 -0.07545778 -0.06492855 -0.01394267
 -0.03498929]"
clip_00021.wav,orca_call,"[-252.29307998  118.68608827    5.9173456    50.85920553   25.86871688
   15.00702629  -14.57793581  -13.98141618   -4.33856077   26.94273877
   18.51928321    2.84173206  -10.42220918]","[-0.38920065 -0.08750826  0.26019329  0.16425822  0.25283369  0.20552137
 -0.08139319 -0.16369684 -0.04956727 -0.22770981  0.02310254  0.15695422
  0.4502533 ]"
neg_00021.wav,no_call,"[-297.96922823  125.6443874    22.36842129   44.11773146   29.90868687
   22.4486701    -5.71318216  -13.32593797   -8.11208735   22.09408508
   19.55273994    5.30584168  -11.09559093]","[-0.35669957  0.05667607  0.04524166  0.08313938  0.05871123 -0.05198942
  0.00739443  0.04395395 -0.07579504 -0.05545586  0.08029957  0.06167697
  0.0241468 ]"
clip_00022.wav,orca_call,"[-282.72449231  139.14962808   12.773952     39.93778766   23.44277219
   16.971574    -11.50871913  -17.19911444  -12.07197325   19.93536738
   20.63614598    7.18086445  -12.96443469]","[ 0.05085421 -0.02664467  0.10027749 -0.00286762 -0.03393048 -0.04121027
  0.02087936 -0.05893176 -0.14226592 -0.1369298   0.04845697 -0.02184768
 -0.07804941]"
neg_00022.wav,no_call,"[-5.29928461e+02  1.22177915e+02  4.65518093e+01  3.99803843e+01
  2.89196846e+01  2.49075757e+01  1.14292925e+01  1.41249515e+01
  6.70377504e+00  1.35289055e+01  8.29148385e+00  9.84356263e+00
  8.19001921e-02]","[ 0.15786152  0.05064339  0.01358224 -0.02901656 -0.03149641 -0.00276842
  0.04364235  0.04265656  0.03977418  0.07520663  0.10152545  0.06198131
  0.04310497]"
clip_00023.wav,orca_call,"[-288.69014291  129.0979006    23.09333446   45.30634387   28.92003374
   23.31230083   -5.18976693  -12.98841659   -9.72818417   21.09241174
   21.30716549    7.77687097  -10.45953827]","[-0.09566779 -0.12745121 -0.12332815 -0.04132743 -0.0194043   0.03168307
  0.01902368 -0.02900051 -0.06573955 -0.03602067 -0.06784436  0.0193576
 -0.00310884]"
neg_00023.wav,no_call,"[-282.12194783  129.48890515   14.3751051    39.20985995   23.7003975
   16.90484492   -9.71348982  -13.45580744  -10.84602327   20.08280987
   17.18604797    3.40709478  -12.60770695]","[ 0.60048191 -0.0102365  -0.46601324 -0.12618518 -0.17970408 -0.22231062
  0.03892688  0.26704607  0.01701566 -0.04479259 -0.00863632 -0.06171185
  0.03692831]"
clip_00024.wav,orca_call,"[-273.13429484  124.89941406   11.97292761   48.71723857   29.30640616
   20.02843415   -7.11254225  -15.62103659   -8.42848086   27.80236519
   21.11375113    1.28079258  -11.80406526]","[ 0.35674963  0.09109267 -0.2266267  -0.06862463 -0.18491022 -0.23627083
 -0.03712462  0.04443812  0.09445059  0.16831725  0.09565534 -0.01801667
 -0.07861906]"
neg_00024.wav,no_call,"[-308.42485006  129.59863521   24.24904958   43.63373056   26.24940257
   21.83979224   -5.02090425  -13.84493081  -10.79199885   19.93296198
   20.08779986    5.27335825  -12.27549844]","[-0.58072123  0.13803529 -0.07257576  0.00817813  0.06832247  0.01402771
 -0.10148097 -0.02048335 -0.01386328 -0.08094826 -0.08157802 -0.04633825
  0.04707226]"
clip_00025.wav,orca_call,"[-301.93592411  129.17227774   23.59586742   45.5446857    27.76103955
   21.76806084   -4.99256178  -12.54410085   -8.99885832   22.28394065
   20.67019564    5.51985391  -12.27062628]","[-0.22011208 -0.02141585  0.18539144  0.08762392  0.07114383  0.18363503
  0.07398966 -0.00725563 -0.06903082 -0.03752852 -0.00456042  0.00562759
 -0.05166108]"
neg_00025.wav,no_call,"[-5.32060596e+02  1.21534528e+02  4.61436763e+01  3.87047940e+01
  2.81420813e+01  2.48550185e+01  1.18384717e+01  1.45190634e+01
  7.10239908e+00  1.31076560e+01  8.41533326e+00  8.99445595e+00
  5.01185883e-01]","[-0.21937005  0.07700202  0.09661051  0.08302361  0.05783621  0.06374646
  0.05365763 -0.03200859 -0.07376664  0.07950078  0.05764871 -0.06654188
 -0.05108622]"
clip_00026.wav,orca_call,"[-288.55088454  129.28103244   19.56745774   42.97703684   25.26483031
   19.02110994   -4.26584175   -9.3886571    -8.76299898   19.35696579
   19.2469211     4.56252664  -13.60798917]","[-0.15001241 -0.01879249 -0.09419047 -0.05344918 -0.01401959 -0.02739652
 -0.10018651 -0.03224913 -0.08512767  0.00923568  0.01338765 -0.04644986
 -0.05509297]"
neg_00026.wav,no_call,"[-5.23156628e+02  1.24533571e+02  4.51265549e+01  4.09536542e+01
  2.95038155e+01  2.55607796e+01  1.12908226e+01  1.19619984e+01
  6.17191801e+00  1.36850617e+01  7.18750427e+00  9.17176256e+00
 -4.41427541e-01]","[ 1.70682336e-01 -5.36496891e-03  3.34969681e-02  1.27540861e-02
 -1.27860162e-03 -3.49115502e-02 -3.32518024e-02 -5.17547309e-02
 -4.78730984e-02 -8.31000931e-03  4.52378754e-02  5.75612786e-02
  4.87632165e-05]"
clip_00027.wav,orca_call,"[-296.98337075  126.79924873   26.82093728   47.1624002    29.13197469
   23.09588425   -4.21306489  -13.51522018   -9.59133807   21.07257158
   20.82118294    6.73896092  -12.35613503]","[ 0.14551701  0.06158153  0.05490368  0.02235333  0.01348804 -0.00987071
  0.04050819  0.02770707  0.05033257 -0.00913637 -0.09703863 -0.01303614
  0.07971534]"
neg_00027.wav,no_call,"[-311.12167563  127.74611705   25.69941496   47.24800457   29.27053135
   23.08103365   -3.88354465  -12.00141438  -10.59263235   19.52316861
   19.71182307    5.96513451  -12.03856426]","[ 0.04780385  0.02338668  0.04176893  0.10845829  0.04668669 -0.02180371
  0.00503465  0.01634166  0.02290283 -0.00368356 -0.06444361 -0.05401319
  0.04019496]"
clip_00028.wav,orca_call,"[-318.46139445  130.85824893   21.61011743   47.51141289   29.24311771
   23.26869529   -3.73988335  -12.090151    -10.91565697   19.47729599
   20.3961909     5.77117523  -12.22774245]","[ 0.35429098 -0.00317265  0.24610061 -0.04007252 -0.0318207   0.07741887
 -0.01652275  0.01780533  0.06629414  0.01567356 -0.02322607  0.0033841
  0.00952923]"
neg_00028.wav,no_call,"[-5.32676597e+02  1.22515371e+02  4.67877884e+01  4.01846320e+01
  2.87167816e+01  2.50365538e+01  1.09965204e+01  1.44352547e+01
  6.61385226e+00  1.32712624e+01  7.89820787e+00  9.78124476e+00
 -1.42571886e-01]","[ 0.14979614 -0.00903695 -0.01780585 -0.06905789 -0.07046402 -0.02473915
  0.0510062   0.03968559  0.05086759  0.07750586  0.05081718 -0.0273284
  0.04267185]"
clip_00029.wav,orca_call,"[-300.08866715  129.63934265   19.44177153   45.81196246   28.95886617
   22.1645788    -5.48707765  -12.00058104   -6.47899956   24.45832175
   22.4332156     4.60635246  -12.75301394]","[ 0.13357934  0.08516526  0.08666912  0.01600832  0.06290654  0.01455248
 -0.0119112  -0.03237279 -0.06665416  0.00392895 -0.01961656 -0.01293583
 -0.05871073]"
neg_00029.wav,no_call,"[-530.86368583  122.88804084   47.1897482    41.09906541   30.69027807
   26.35910011   11.94624833   14.20841985    8.00442877   13.54949714
    8.05524483   11.22651283    2.34346882]","[ 0.6147182  -0.01103804 -0.00158051 -0.00253688 -0.04302763 -0.04162443
 -0.01573444 -0.03090148 -0.00658938 -0.05249904 -0.07236426 -0.07051325
  0.03699187]"
clip_00030.wav,orca_call,"[-302.28371541  126.48752465   25.65957864   46.20093444   29.50764175
   22.56250849   -4.67610707  -11.91185989   -9.24603822   20.6813376
   20.00090133    5.44895621  -11.92745263]","[ 0.1162215  -0.01352066  0.05649633  0.03763481  0.07221096  0.08165838
  0.05938651 -0.0495812  -0.07405291 -0.06309793 -0.05994869  0.02399154
 -0.03242141]"
neg_00030.wav,no_call,"[-302.74846669  126.17945774   26.72712654   47.03793231   29.97867966
   23.28629378   -4.16651769  -12.47574439   -9.1663227    20.23021342
   20.25815613    6.32533093  -11.73448946]","[ 0.04407107 -0.0607352   0.05216705  0.05128241  0.07249276 -0.01777506
 -0.11216303 -0.05528031 -0.09597381 -0.03503887 -0.03867044  0.06672356
  0.0394759 ]"
clip_00031.wav,orca_call,"[-292.21936526  125.54470819   22.0927802    45.60244724   28.71362815
   19.81536159   -6.82476779  -13.6678846    -9.69366937   20.99555625
   18.94447001    4.72411421  -11.50423265]","[-0.20035329 -0.06113459  0.0587736   0.01199105  0.04492494  0.08562592
 -0.00982167 -0.06705013 -0.06600716 -0.00647037  0.02669241  0.00790899
  0.02564754]"
neg_00031.wav,no_call,"[-299.18077342  123.30971846   23.71235248   45.35576484   27.45521484
   21.21431558   -5.37114366  -13.33676609  -11.1196739    19.56393525
   19.36319249    3.88169958  -14.3592411 ]","[ 0.31219238 -0.01155643  0.0790223  -0.02710898  0.03811098  0.00912814
 -0.06876999 -0.09232667  0.01413427 -0.0143097   0.01133807 -0.04622641
 -0.0217541 ]"
clip_00032.wav,orca_call,"[-277.25742618  126.35387709   14.12475064   49.85243971   30.6332311
   21.02702031   -5.11398579  -10.24682107   -6.3544061    23.13754565
   18.46423541    5.14987809   -9.95249341]","[-2.98868776e-01 -1.44282769e-01  8.35184708e-02  3.41620634e-02
  1.50352608e-01  2.67541492e-01  7.54348462e-02 -3.48735953e-02
 -7.95693710e-02 -5.84003226e-02 -2.17784023e-02  2.95186439e-04
 -5.50254215e-02]"
neg_00032.wav,no_call,"[-302.59499987  125.49653609   23.16131415   44.71405909   27.04217514
   20.59395929   -5.50599491  -12.3604338   -10.15645356   19.67348613
   18.49679778    4.98289963  -13.39514464]","[ 0.19732245 -0.01385931 -0.02309875 -0.06611052  0.0067324   0.04980046
  0.08227999  0.12744293  0.1424297   0.02261824  0.03690341  0.02719968
  0.11529311]"
clip_00033.wav,orca_call,"[-296.70877199  126.51259843   22.90623221   47.01388806   29.76545614
   22.40666467   -5.72176193  -12.53343669  -10.01468425   20.00627156
   20.20234061    4.78984027  -13.24969113]","[-0.25087651 -0.01285989 -0.00914763 -0.0234989  -0.10380517 -0.07535572
 -0.06018059 -0.09853246 -0.13447953 -0.04658481 -0.0056461  -0.05951824
 -0.09734011]"
neg_00033.wav,no_call,"[-545.94880733  112.78686231   44.13288819   38.69283094   27.72781628
   26.57029655   16.15439712   20.60080487   10.97234422   12.93865901
    5.10018016    9.62544804    1.61424091]","[-6.19523737e-01  6.90099054e-06  1.42201029e-01  1.32156427e-01
  1.02911283e-01  3.03139688e-02 -6.22284205e-03  9.12487493e-02
  2.18641677e-02 -2.99535412e-03  4.11957663e-04  4.50335698e-02
 -1.21022820e-02]"
clip_00034.wav,orca_call,"[-372.98792717  130.9433928    -9.54085229   -3.03183578   10.27155232
    4.92634677  -16.51336529   -6.73275887  -19.96580047  -18.68647811
   -1.18284807   -7.7351665    -9.18941437]","[ 0.56364676  0.01959916 -0.50423752 -0.33411593  0.1530899   0.05111522
  0.31315384  0.20316269 -0.39775857 -0.44161823  0.01802208 -0.04505441
 -0.35987525]"
neg_00034.wav,no_call,,
clip_00035.wav,orca_call,"[-3.81856203e+02  1.24888887e+02 -6.13388330e+00  3.39697833e-01
  1.05226099e+01  4.31424456e+00 -1.69296377e+01 -2.88450913e+00
 -1.50192198e+01 -1.92217155e+01 -4.28943158e+00 -4.82411882e+00
 -9.83379307e+00]","[-0.78788974 -0.32547046  0.48126364  0.00195317  0.19158531  0.27932719
  0.09011465 -0.05743497 -0.03362339  0.12532807 -0.13313312  0.01529721
  0.34541222]"
neg_00035.wav,no_call,,
clip_00036.wav,orca_call,"[-3.96528523e+02  1.16588795e+02 -2.23287750e+00  1.52715779e-02
  8.88382078e+00  5.09701343e+00 -1.90931086e+01 -3.25491301e+00
 -7.96504229e+00 -1.25517800e+01 -4.73985978e+00 -8.21835199e+00
 -6.27460689e+00]","[ 0.48086273  0.3862139  -0.08328995 -0.25356821 -0.04513707  0.0495304
 -0.07097063 -0.24660989 -0.26529804 -0.01845886  0.03809233 -0.15819904
 -0.15722531]"
neg_00036.wav,no_call,,
clip_00037.wav,orca_call,"[-399.21743903  118.59283321    4.3810642     2.22724622    8.25234771
    1.89866526  -22.23491983   -3.90923233   -8.25188394  -14.65352687
   -6.66127708   -7.58200546   -7.32281717]","[-0.09462814 -0.17600068 -0.00163113  0.07287024  0.05513555 -0.0807983
 -0.08034452  0.02717533  0.05058466  0.01116465  0.00566941  0.00484476
  0.04423017]"
neg_00037.wav,no_call,,
clip_00038.wav,orca_call,"[-4.07990235e+02  1.02794381e+02 -1.03093502e+01 -1.57211707e+00
  1.04982839e+01  5.24656368e+00 -1.32386574e+01  3.36437002e+00
 -4.21697008e+00 -7.26929710e+00  2.38497824e-01 -3.35178674e+00
 -1.85174861e+00]","[ 0.07968183  0.08499968 -0.16376041 -0.30138589 -0.01818147 -0.06149237
 -0.03280058  0.11070442  0.1535772   0.07711397  0.05798619  0.09367042
  0.12113638]"
neg_00038.wav,no_call,,
clip_00039.wav,orca_call,"[-3.92301010e+02  1.16551944e+02 -2.55559341e+00 -2.01022000e+00
  1.58841806e+00  2.19219740e-02 -1.72408565e+01 -3.22574798e+00
 -8.25193254e+00 -1.05961645e+01 -4.52226537e+00 -7.63352076e+00
 -6.99990432e+00]","[ 0.13954318  0.10959939  0.13016111  0.06456599  0.05271103 -0.14426364
 -0.06035133 -0.02758907 -0.18930088 -0.13939092 -0.00341252  0.0492854
 -0.04132751]"
neg_00039.wav,no_call,,
clip_00040.wav,orca_call,"[-404.7539761   116.58275631    6.60865572    1.66038395    8.5724948
    4.01931789  -22.51832547   -4.65293386   -9.37927007  -13.99247649
   -4.6502456    -5.89171884   -6.10263748]","[ 0.06779394  0.04795444  0.14677625  0.0700737  -0.10602121 -0.13675388
 -0.19180484  0.09864557  0.130008    0.06966296  0.12058425  0.02424059
 -0.05010884]"
neg_00040.wav,no_call,,
clip_00041.wav,orca_call,"[-410.91523563  111.38256761    4.01182803   -1.19474239    7.60395905
    5.96737705  -15.71340212   -1.78972195  -10.21686566  -11.99768034
    0.65699666   -4.77128284   -4.53103147]","[ 0.00219932  0.03255156  0.09497102 -0.07248081 -0.08347989  0.01684964
 -0.00917019 -0.00879419  0.01965201 -0.01317118  0.02801164  0.00226465
 -0.02160102]"
neg_00041.wav,no_call,,
clip_00042.wav,orca_call,"[-4.14459258e+02  1.07263237e+02  2.27656134e+00 -3.61544831e-02
  8.55378335e+00  7.11616974e+00 -1.86471195e+01 -6.62806874e+00
 -8.90721155e+00 -6.60847115e+00  1.69892353e+00 -3.46637854e+00
 -4.53023563e+00]","[ 0.24155358 -0.00406184 -0.02251207  0.16671116 -0.01705631 -0.24906769
  0.02256764  0.11171235 -0.05120607 -0.11123438 -0.03070554  0.01362874
  0.11691028]"
neg_00042.wav,no_call,,
clip_00043.wav,orca_call,"[-4.06688668e+02  1.12441943e+02  5.52733483e+00 -1.76759493e+00
  4.98314781e+00  4.68782923e+00 -2.31131878e+01 -1.24018531e+01
 -1.36597595e+01 -1.01343591e+01  2.81933537e+00  2.79686180e-01
 -1.06298868e+00]","[ 0.42282474  0.08079913 -0.14111849 -0.15386305 -0.05074776 -0.03382525
 -0.02016636 -0.01050283 -0.17128956 -0.14008693  0.05814776 -0.04914952
 -0.01669334]"
neg_00043.wav,no_call,,
clip_00044.wav,orca_call,"[-3.99824662e+02  1.19625875e+02  1.28852887e-02 -9.20263559e+00
  4.83025478e+00  6.41685874e+00 -1.93480673e+01 -5.27021082e+00
 -1.00942948e+01 -1.07186397e+01  7.47237578e-01 -2.14376436e+00
 -1.42298086e+00]","[ 0.02640244  0.07151538  0.02671672 -0.16701691 -0.22741716 -0.14192436
  0.04612357  0.05609395 -0.01401366 -0.05660233 -0.19246948 -0.10046972
 -0.04664702]"
neg_00044.wav,no_call,,
clip_00045.wav,orca_call,"[-409.59335938  111.29803122    3.24736418   -2.95745396    6.65064905
    5.89328882  -20.5838732    -7.96538436  -10.33480922   -8.83312745
    1.69233603   -2.07025685   -2.51938864]","[ 9.04681629e-02  4.94804310e-02 -8.27690340e-03  9.45417735e-05
  2.89149221e-02 -2.54195530e-02 -6.05356312e-02 -2.21222210e-02
 -2.39411777e-02 -4.90516945e-02 -4.79485721e-02 -4.66401346e-02
 -1.34362493e-02]"
neg_00045.wav,no_call,,
clip_00046.wav,orca_call,"[-427.21314065   98.4479019     5.9531239    -4.13611711    3.30311665
    9.58305707  -13.69759657    2.82234307   -1.44272596   -2.65919137
    2.54019325   -5.71870551   -5.06747898]","[ 0.03979512 -0.15867561 -0.11838879 -0.06802985 -0.02715332 -0.00644347
  0.06723041  0.14635475  0.22385911  0.01265057 -0.01671104 -0.01267467
 -0.01663707]"
neg_00046.wav,no_call,,
clip_00047.wav,orca_call,"[-389.60228595  116.12100511  -14.73191775  -18.21424777   12.4936995
   17.01720982  -20.48929546   -8.52380604   -9.06176526    0.54778096
    5.36934802   -7.90712741   -7.13882841]","[ 0.1015578   0.06839229 -0.10939928 -0.10365458  0.03602747  0.04185012
  0.02462489  0.01600461 -0.00643919  0.00088909 -0.01968057  0.01250312
 -0.04543952]"
neg_00047.wav,no_call,,
clip_00048.wav,orca_call,"[-416.00975885  104.77218514    2.37127922    6.99429421   12.71450247
    9.71023259  -13.66828842   -3.77344521   -5.8138971    -5.94523348
    4.03386163   -3.84318275   -4.81184965]","[ 7.65080508e-02  1.26839815e-01  2.75931714e-02 -3.59105591e-02
  1.14135455e-01 -4.21888941e-02  1.33504771e-02  3.06523522e-02
 -2.86717629e-05 -2.33087393e-02 -1.18043457e-01 -8.09290283e-02
 -1.04843600e-01]"
neg_00048.wav,no_call,,
clip_00049.wav,orca_call,"[-303.17718081  -63.1418575   -64.49610693  -34.88825472  -23.2046778
   13.3780777     4.69388146   10.13130182   10.5211843     7.31100687
    7.30268507   13.07673216    3.82976296]","[ 0.75051824 -0.65060622 -0.15772866 -0.06633575 -0.25416004  0.06917945
 -0.04595883  0.08492676  0.00529739 -0.21930119 -0.0084237   0.05219664
  0.04034949]"
neg_00049.wav,no_call,,
clip_00050.wav,orca_call,"[-313.2125624   -61.58175068  -63.10888578  -35.99156515  -19.69770008
    9.42237801    6.72763376   10.41667335   12.30445068    9.83326943
    8.23175501    9.83505246    2.87410017]","[ 0.48279228 -0.32195561 -0.16810942 -0.14705723 -0.18220185 -0.00713149
 -0.03402778 -0.02079081  0.06594446  0.00196991 -0.00802403  0.08306896
  0.04375633]"
neg_00050.wav,no_call,,
clip_00051.wav,orca_call,"[-300.73865769  -56.87460138  -65.5599516   -34.6887031   -14.99176925
    9.44080712    6.67645506   10.12788845    8.64188654    8.91715985
    6.46238551    9.08840418    2.55613705]","[ 0.0586756   0.13311094  0.05589745  0.00836111 -0.10368432 -0.10853275
 -0.13571937 -0.02926496 -0.00848614 -0.06010771  0.02867135  0.10704182
  0.07993677]"
neg_00051.wav,no_call,,
clip_00052.wav,orca_call,"[-319.28815444  -55.15007641  -65.89407397  -34.95847991  -16.34283945
    8.21989951    6.99353823   10.67361117   11.54691185    8.26734255
    5.70521896    9.38708494    3.08590612]","[ 0.07973008  0.09118235  0.04650122  0.01266337  0.07037209 -0.03009103
 -0.13029486 -0.07247426  0.06176666  0.07718337  0.09241279  0.00540096
 -0.02486048]"
neg_00052.wav,no_call,,
clip_00053.wav,orca_call,"[-314.67281135  -57.82132203  -63.28691003  -38.66294954  -17.61598635
    8.45095317    6.98471259    8.20716237   10.59382183    8.79235635
    6.94062734    8.96857626    3.15823858]","[ 0.14796011 -0.10311698 -0.09679018 -0.13938887 -0.09186143 -0.11738885
 -0.07097398  0.06334634  0.00684713  0.05293514  0.0210063  -0.01591263
 -0.0496945 ]"
neg_00053.wav,no_call,,
clip_00054.wav,orca_call,"[-318.22368079  -54.48484041  -64.58222263  -37.16291033  -14.75652695
    8.76943867    6.75407278    9.90711748   13.32987427    9.31044323
    4.37314455    5.88759382    3.53170914]","[-0.15926624 -0.06179588  0.026254   -0.08880717 -0.01362198 -0.05606565
 -0.05834184 -0.00205907 -0.0031225  -0.0266925  -0.01908562  0.07152458
  0.09373705]"
neg_00054.wav,no_call,,
clip_00055.wav,orca_call,"[-4.53537901e+02 -2.39072570e+01 -5.10072281e+01 -1.22716478e+01
 -1.62416318e+01  1.29584241e+01  2.99482390e-01  1.68151685e+01
  8.87085348e+00  7.19616890e+00  2.78262659e+00  6.23842781e+00
 -3.21888806e+00]","[-0.2606765  -0.25552774  0.09702307  0.03936933  0.05267873 -0.46685304
 -0.04352235  0.1222132  -0.1047523  -0.07688975  0.11413404 -0.10326921
 -0.00615537]"
neg_00055.wav,no_call,,
clip_00056.wav,orca_call,"[-459.15394063  -25.73644692  -43.01830038  -13.20531231  -15.82151986
   17.39592267    1.95347231   11.74525497    6.35696991    8.09437825
   -0.67983835   12.19773278   -0.6640073 ]","[ 0.93132151 -0.91401879 -0.671267   -0.02910206  0.03018657 -0.00767579
 -0.30024142 -0.18476925  0.18883163  0.00332    -0.29811815  0.26815136
  0.13827827]"
neg_00056.wav,no_call,,
clip_00057.wav,orca_call,"[-431.16164533  -36.02040538  -51.73657698  -13.72982251   -9.51070355
   19.84496303   -8.05943867   10.03894924    9.3334549    11.95756683
    4.50105675    6.20861039  -10.0924085 ]","[ 0.80014316 -0.4421108  -0.50978737 -0.28463796  0.29781453  0.2925013
 -0.17299894 -0.25722006 -0.13568365  0.39047043  0.15885277 -0.11972082
 -0.07105827]"
neg_00057.wav,no_call,,
clip_00058.wav,orca_call,"[-4.55515571e+02 -3.05495871e+01 -3.98736647e+01 -1.38879671e+01
 -9.83244365e+00  1.07387090e+01 -1.30159792e-01  1.36802131e+01
  7.55044825e+00  8.64520923e+00 -1.50833555e+00  1.15500259e+01
 -5.97300520e+00]","[ 0.23416466 -0.24523479 -0.15439141 -0.01553629  0.04383219 -0.10582048
 -0.04019139  0.14224918 -0.219102   -0.02505759  0.14552701 -0.03043395
 -0.05905651]"
neg_00058.wav,no_call,,
clip_00059.wav,orca_call,"[-461.31647023  -25.37685248  -44.44688714  -13.83853518  -17.10499294
   16.18555414   -1.39295088   16.94787167    4.26708179    4.26315731
    3.81138093   11.48812344   -3.47887823]","[ 0.54224493 -0.43104665 -0.41935715 -0.34866718 -0.21342439 -0.00542234
 -0.06125452 -0.02217362  0.0493327   0.07244649  0.10572967  0.1229652
 -0.13708079]"
neg_00059.wav,no_call,,
clip_00060.wav,orca_call,"[-4.48329075e+02 -3.55521264e+01 -4.24613141e+01 -1.41462273e+01
 -1.26339766e+01  1.53680474e+01  2.66051778e-01  1.93232557e+01
  4.66886613e+00  3.61602148e+00  2.21668902e+00  1.07373166e+01
  1.44387423e+00]","[ 1.43285047 -1.02786332 -0.63488571 -0.11499942  0.08210508 -0.27495957
 -0.17274546  0.15668167 -0.08093274 -0.09244435  0.13308135  0.11063409
  0.31529818]"
neg_00060.wav,no_call,,
clip_00061.wav,orca_call,"[-4.69717869e+02 -2.85985888e+01 -2.39694626e+01 -2.09584824e+01
 -1.09709027e+01  7.59086049e+00  4.06925278e-02  1.70449266e+01
 -8.43339736e-01  1.66911769e+01 -5.23858573e+00  1.28653786e+01
 -3.03110156e+00]","[ 9.64386909e-02 -3.77926812e-01 -1.46017813e-01  2.67823901e-01
 -9.06739858e-02  3.91072045e-02  7.99953099e-02 -1.10736147e-01
  1.42217733e-01 -3.51546665e-02  6.53559768e-02  4.17776984e-02
  3.13623926e-04]"
neg_00061.wav,no_call,,
clip_00062.wav,orca_call,"[-475.47778667  -14.16553467  -26.84746469  -18.33459035  -12.85011004
    6.98493011    4.51383898   14.65332233    6.89967301   12.16512697
   -0.87898402    9.26280907   -2.20197258]","[ 1.02144952 -0.75859368 -0.44178891 -0.41801293  0.02505402 -0.39534731
  0.03497174  0.05242375  0.1106711   0.03966535 -0.17315782  0.36555065
 -0.38332885]"
neg_00062.wav,no_call,,
clip_00063.wav,orca_call,"[-477.31684879  -10.01833309  -33.21777093  -18.90319055  -16.61609431
    9.4711239     2.08825336   12.72255884    7.74325467    9.57299799
    1.11861214    6.38521213    0.79035382]","[-0.46665235  0.07138899 -0.2674826  -0.32949658 -0.22462029  0.08329483
 -0.10843461  0.01113026 -0.08517137  0.01031861 -0.03659157  0.25292881
  0.06513071]"
neg_00063.wav,no_call,,
clip_00064.wav,orca_call,"[-4.73399136e+02 -6.48083065e+00 -3.01928339e+01 -2.13034172e+01
 -9.40953994e+00  5.93559968e+00  4.41922208e+00  1.35452969e+01
  6.55864677e+00  9.23274621e+00 -3.54819261e-01  8.13137442e+00
 -1.04224358e+00]","[-0.27999409 -0.37572202 -0.22799839  0.16577125  0.00846332 -0.01141259
 -0.06580442 -0.20465788  0.21779179 -0.35244623 -0.02624103 -0.15212212
  0.25748314]"
neg_00064.wav,no_call,,
clip_00065.wav,orca_call,"[-451.56318611  -31.58725718  -36.35029831   -9.60586008  -10.59495911
    6.28055552    1.91814994   17.2053553     1.73358051   13.60274307
   -0.68675158   10.66236538   -4.08235993]","[ 1.57399273 -0.79697607  0.00546141  0.17583248 -0.3925246   0.20331444
 -0.10442484  0.17547539 -0.27680647  0.21815036 -0.05772366  0.1167933
 -0.01913059]"
neg_00065.wav,no_call,,
clip_00066.wav,orca_call,"[-4.92141582e+02 -1.41483894e+01 -2.47529089e+01 -5.52235372e+00
 -2.17452200e+01  2.15582583e+01 -3.50250380e-01  1.35355191e+01
  6.68307703e+00  7.81234063e+00 -2.12774228e-02  8.81133253e+00
 -2.29465716e-02]","[ 1.79657100e+00 -1.11270196e+00  2.02665740e-01 -9.74124700e-01
 -2.92970983e-01  6.38573613e-02 -5.86516170e-01  4.33988909e-01
 -3.87753151e-02 -1.86607395e-01 -6.56035785e-02  1.51036131e-03
  2.31214834e-01]"
neg_00066.wav,no_call,,
clip_00067.wav,orca_call,"[-4.49779562e+02 -2.81405573e+01 -4.46707263e+01 -7.59075776e+00
 -3.76918359e+00  8.39757636e+00  8.64247381e+00  1.29852424e+01
  1.16482206e+01  2.41068209e+01  2.97555104e-01  7.06086652e+00
 -5.17387867e+00]","[-1.57956503  0.69693977 -0.73736154  0.36625125 -0.51362311 -0.2867115
  0.49847333 -0.05532957  0.16942987  0.33184997  0.08460436 -0.50034797
  0.07991128]"
neg_00067.wav,no_call,,
clip_00068.wav,orca_call,"[-4.91341903e+02 -1.99861192e+01 -3.57016060e+01  1.74390496e+00
 -1.35563198e+01  9.11603863e+00  1.52263042e+01  9.49416595e+00
  1.26624801e+01  1.39005350e+01  7.44139021e-01  8.95980942e+00
  2.64674803e-03]","[ 0.94246419 -0.62017029 -0.70692144  0.0235607  -0.37321849  0.01863083
  0.08332634 -0.2287225   0.28238425 -0.15688808 -0.37146382  0.23228233
 -0.07201953]"
neg_00068.wav,no_call,,
clip_00069.wav,orca_call,"[-366.63828066   28.40570407  -82.03160271  -25.54817691  -46.98358978
   -9.44781279  -15.45566941    9.3000313     3.57421034   11.51384417
    4.90061983   12.29918873   -3.57381531]","[ 0.85490745 -0.06977174 -0.3835879  -0.26084571 -0.12007606 -0.1735493
  0.00180755 -0.00269468  0.20250187  0.04654417 -0.19244744 -0.0514655
  0.18433851]"
neg_00069.wav,no_call,,
clip_00070.wav,orca_call,"[-397.67303599   30.50519052  -76.9562685   -21.00183586  -31.78883492
    1.58316194  -13.87558945    8.27107407   -1.90780655    8.82991219
   10.23257527    8.88392672   -9.71819288]","[ 0.03795459 -0.16135811 -0.14427358  0.01735363 -0.52341868 -0.2582369
  0.35480157 -0.41783521 -0.53835839 -0.02421594  0.53311148 -0.14757919
 -0.66314782]"
neg_00070.wav,no_call,,
clip_00071.wav,orca_call,"[-411.73176199   34.69790598  -67.42158465  -18.5721507   -38.30463058
   -4.6665451   -10.55352635   10.07320756   -0.67102545    5.61543576
    9.58443445   13.71116529   -6.74314922]","[ 0.62419819  0.25227121  0.42420143 -0.1608542  -0.59558604  0.09123328
  0.11324066 -0.39488181 -0.52752014  0.05377221  0.58597392 -0.17127813
 -0.14822269]"
neg_00071.wav,no_call,,
clip_00072.wav,orca_call,"[-407.83206297   37.99028067  -83.00781391  -25.97792875  -24.26674038
    5.77691289  -28.42329637    2.91562786   12.72873298   16.72709051
    1.73986992    3.68045981    3.65375264]","[ 0.39834781 -0.09933177 -0.57851037 -0.48476746 -0.04892287 -0.01933712
 -0.48119347  0.11634252  0.425908   -0.17137087 -0.41393689 -0.17605397
  0.68769287]"
neg_00072.wav,no_call,,
clip_00073.wav,orca_call,"[-404.2361464    34.22370831  -72.43923823  -26.88555911  -40.44731271
    5.89767038  -11.26062524    5.47316729    0.51915157    9.58881507
   11.52046709   11.53091242   -8.72983554]","[ 1.08865169 -0.34743965 -0.53978899  0.09368151 -0.01902121  0.0865006
 -0.11551562  0.11868051  0.13036893 -0.09969099  0.0784526   0.02346643
  0.03558284]"
neg_00073.wav,no_call,,
clip_00074.wav,orca_call,"[-381.2289079    16.2614167   -73.04240874  -12.94404743  -52.83891829
    5.62361532  -21.84922259    7.7187423     2.99330104    1.38950845
    7.14256355    3.93731516    1.77216165]","[-0.19882833  0.11103038 -0.02672174  0.01026139 -0.00278924  0.01408539
  0.0420519   0.04619337 -0.0271855  -0.04390753 -0.01971419 -0.01827767
  0.00223565]"
neg_00074.wav,no_call,,
clip_00075.wav,orca_call,"[-397.17684141   34.36318929  -75.74354577  -20.35644036  -41.2381541
   -0.70553684  -10.32677984   -0.40745838    2.33854424    8.96160538
   10.8576432     9.94971315   -8.31075946]","[ 0.64335818 -0.34721196 -0.3116646  -0.01444439 -0.19313138 -0.12181172
 -0.15073524  0.11362998 -0.06167868 -0.14665199 -0.125556    0.09790299
  0.10326345]"
neg_00075.wav,no_call,,
clip_00076.wav,orca_call,"[-392.0450353    32.95654126  -78.02774255  -25.0807713   -34.82735618
    4.60199297  -12.03942373   -0.77593985   -0.7794399     9.82596592
   11.40977957   11.18487804   -8.54057246]","[ 0.54594111 -0.09191744 -0.03073913 -0.15791444 -0.10919581 -0.10753511
 -0.23146706 -0.30607959 -0.08245453  0.04996714  0.43033528  0.13529693
 -0.12337394]"
neg_00076.wav,no_call,,
clip_00077.wav,orca_call,"[-394.37271947   39.09735748  -65.62977086  -19.68751951  -47.51140995
   -6.60051723  -12.55646666    2.7637599    -4.32612518    9.28920674
   12.41102982   10.81113232   -5.5526163 ]","[-0.27111988 -0.99417179 -0.2288439   0.22110851 -0.17087953  0.20784443
  0.20004902 -0.25130596 -0.2148469  -0.06453707 -0.11070214 -0.01870696
  0.07535155]"
neg_00077.wav,no_call,,
clip_00078.wav,orca_call,"[-411.72402354   35.03624568  -71.09475842  -21.71487056  -37.8805356
   -3.09289402   -3.51961935    7.05356189   -7.40166018    6.59274296
   12.94371895   15.51744541  -10.21079623]","[ 0.42215555 -0.32437943 -0.1056258  -0.02812799 -0.471253   -0.26379341
 -0.02895083 -0.22992606 -0.01191146  0.29221115 -0.13805697 -0.22242053
  0.05186991]"
neg_00078.wav,no_call,,
clip_00079.wav,orca_call,"[-3.68548989e+02  3.48816489e+01 -8.62179485e+01 -1.96303303e+01
 -4.36176593e+01 -1.36931244e+01 -1.29728006e+01  4.96653053e+00
  2.76220964e-02  8.30278576e+00  6.87026681e+00  9.26945075e+00
 -9.32948444e+00]","[ 3.84234784 -0.25006526 -1.97929374 -0.36523361 -0.23722513 -0.14398566
 -0.55192338 -0.12467798  0.06870194 -0.25388492  0.29077037 -0.28814798
 -0.51592004]"
neg_00079.wav,no_call,,
clip_00080.wav,orca_call,"[-4.31520149e+02  2.22666803e+01 -7.79631425e+01 -3.86302581e+01
 -1.81443670e+01  1.06969660e+01 -5.64229312e+00  8.04319348e+00
  5.58750923e+00  1.17131568e+01  2.16182245e+00  1.09453830e+01
  5.87281334e-03]","[ 0.14593678  0.00770259 -0.27497858 -0.13748013  0.06052875  0.01881469
 -0.08197001 -0.11170596 -0.05819607  0.00458425  0.06540115  0.06655594
 -0.0896839 ]"
neg_00080.wav,no_call,,
clip_00081.wav,orca_call,"[-4.19262557e+02  1.44555042e+01 -6.46085027e+01 -3.33689047e+01
 -2.54914586e+01  1.63535246e+01 -1.32054940e+01  1.40548887e+01
 -2.95622633e-01  1.03240561e+01  9.16288765e+00  1.23666736e+01
 -1.97425609e+00]","[ 0.3593953  -0.11101824  0.11971257 -0.12152631 -0.34737521  0.07526171
 -0.06843183 -0.06197733  0.17227791 -0.05395675  0.14855257  0.29755546
 -0.17913863]"
neg_00081.wav,no_call,,
clip_00082.wav,orca_call,"[-4.21672667e+02  1.08347099e+01 -7.44928868e+01 -3.05748349e+01
 -1.82409401e+01  1.74563321e+01 -1.93000727e+00  1.05965508e+01
  8.38862430e+00  8.38622347e+00  4.19469006e-01  1.51627055e+01
  1.39999072e+00]","[ 0.57543476 -0.2027824  -0.05481422  0.01506466  0.01437483 -0.14907414
  0.15210421  0.41385249 -0.41601496 -0.4963793  -0.02749446  0.35838901
  0.1054884 ]"
neg_00082.wav,no_call,,
clip_00083.wav,orca_call,"[-4.63947677e+02  7.22857120e+00 -4.08732887e+01 -3.80003644e+01
 -1.74475566e+01  6.43394096e+00  4.44539575e+00  1.03736395e+01
  5.76682232e+00  1.50161202e+01 -1.10712006e-01  1.52316729e+01
 -3.18510032e-01]","[ 0.37623615 -0.18666864 -0.01685521  0.09796004  0.01071005  0.014638
  0.00383267 -0.02475159 -0.21501837 -0.01518016  0.01322554  0.09059384
  0.00555146]"
neg_00083.wav,no_call,,
clip_00084.wav,orca_call,"[-457.51196227    1.45467953  -41.85322941  -42.33237819  -19.72717989
    7.98599329    1.46510254   10.6304923     3.27918502   12.83832789
   -1.54411537   16.28766968   -1.72768051]","[ 0.18546463 -0.10128749 -0.23178432 -0.11405892 -0.08548386  0.00211065
  0.05613601 -0.01619978  0.02121101 -0.04001744 -0.08531226  0.00486707
  0.00302123]"
neg_00084.wav,no_call,,
clip_00085.wav,orca_call,"[-4.24948190e+02  1.20934975e+01 -4.54428745e+01 -4.80261576e+01
 -1.84391142e+01 -2.54614292e-01 -1.84703495e+00  6.93595858e+00
  7.03528373e+00  1.17803174e+01  3.52669249e+00  1.09233917e+01
  2.08593690e+00]","[ 5.89603262e-01 -3.01355709e-01 -4.50496322e-02 -2.13400212e-01
  1.31530046e-06  9.41152627e-02 -7.97332263e-02 -1.41384697e-01
 -2.00340409e-01  9.16652690e-02  1.64215181e-01  7.06092889e-02
 -1.34349624e-01]"
neg_00085.wav,no_call,,
clip_00086.wav,orca_call,"[-374.89094956    6.67708799 -104.55003842  -29.01950005  -17.207808
    6.36384322   -3.11634457   12.13626729    1.42600144   15.39649018
    0.42451145    9.18283615    1.9032249 ]","[-0.36060574  0.21478144 -0.32555445 -0.16517704  0.29140245  0.02214472
  0.00187292  0.18425604 -0.01123555 -0.31749358 -0.15086255  0.13159194
  0.18314378]"
neg_00086.wav,no_call,,
clip_00087.wav,orca_call,"[-351.20294135  -41.12897184  -69.47197464  -44.71412456  -12.94815131
    7.27011199   -8.13256959   19.62594855   -0.98513922   15.34318672
    2.29502241   12.45549328    0.52947102]","[ 0.43089818 -0.30184463 -0.17661883 -0.18948143 -0.05213686 -0.01270271
  0.009911   -0.12658659 -0.04006617 -0.00959096  0.06893808  0.01789083
 -0.06537279]"
neg_00087.wav,no_call,,
clip_00088.wav,orca_call,"[-392.11469066  -21.21604683  -42.06989412  -47.04845945  -18.25760762
   -3.87687171    1.31431963   17.22679026    3.72271907   11.82298546
    1.34590532   15.18543973   -2.29771478]","[ 0.27640533  0.01275322  0.00769044 -0.08205356 -0.1478271   0.01888551
  0.08583102  0.02748697 -0.07634659  0.01803056 -0.08511494  0.090159
  0.00230372]"
neg_00088.wav,no_call,,
clip_00089.wav,orca_call,"[-420.4962138   -11.04305032  -38.8569372   -45.41813706  -22.24918085
    1.24635215   -1.85568308   15.30462239    2.45176082   18.12301812
   -2.55236906   17.49852718   -0.99169203]","[-0.89931255  0.25541917  0.05620705  0.22583691  0.13201019  0.18042684
 -0.12326629 -0.0762631  -0.05464522  0.04352998  0.08994602  0.06137542
  0.03851386]"
neg_00089.wav,no_call,,
clip_00090.wav,orca_call,"[-489.79118384  159.94851781   78.66633607   54.486719     39.65693132
   27.72190939   13.42267399    7.59252235    3.58585686    8.71358922
   10.77962164   10.39114912    3.21582422]","[-1.44015892e+00  3.84235680e-01  3.96731907e-01  1.42356826e-01
  8.35289391e-02  1.33701482e-01  4.92170464e-02 -5.09192924e-02
 -9.60744797e-02 -2.28029060e-02  6.00750873e-02  9.15013093e-02
 -5.82739262e-04]"
neg_00090.wav,no_call,"[-533.32586592  114.90191063   47.32863037   40.49828542   28.18343775
   25.92890539   15.04544333   17.77457329    8.34998484   12.25004515
    5.12732058    9.80472597    1.59526712]","[ 0.11010598  0.01124066  0.04736899  0.03519148  0.02788762 -0.01890951
 -0.05796211 -0.04530585  0.00526152  0.07427545  0.03462531  0.00262359
 -0.12509882]"
clip_00091.wav,orca_call,"[-477.11681969  171.59393517   80.95055327   50.94766276   37.8653272
   25.16084493   11.29027681    4.0681986     3.55481146    8.32910832
   10.60825385    7.8116313     1.71413296]","[ 0.18988822  0.3004032   0.05278754 -0.0932683  -0.06482514 -0.05099967
 -0.08898292 -0.1250828  -0.12853335 -0.05422237  0.02017386  0.02344679
 -0.02091923]"
neg_00091.wav,no_call,"[-4.20090439e+02  2.05855018e+02  6.77246082e+01  3.77141611e+01
  3.82663019e+01  2.73604513e+01  4.83221024e+00 -1.29080446e+01
 -1.44249803e+01  3.97198742e+00  1.75329550e+01  1.22048868e+01
  2.97505572e-01]","[-0.90561846  0.03151951  0.15890595  0.09624467  0.04210273 -0.02634763
  0.03703953  0.07648389 -0.00945118  0.03113095  0.05604898  0.02329779
 -0.07189994]"
clip_00092.wav,orca_call,"[-4.29628302e+02  2.12127493e+02  7.71215670e+01  3.57559520e+01
  3.11690305e+01  2.00371665e+01 -1.77297813e-01 -1.00466830e+01
 -5.05690985e+00  9.97742880e+00  1.57543779e+01  8.98115237e+00
 -6.93982601e-01]","[-6.01804142e-05  3.79789225e-02  1.93566279e-02  8.83998539e-03
  4.15753778e-02  4.12028841e-02 -8.93600594e-03 -5.34265163e-02
 -8.73802108e-02 -6.29731588e-02  7.69001162e-03  7.48760550e-02
  5.45823235e-02]"
neg_00092.wav,no_call,"[-415.24986474  202.7151613    56.01892687   38.51806572   41.21408872
   25.26827772    3.61127004  -10.28211877  -10.04088654    8.84948326
   17.72186131    9.75223993   -0.83995349]","[ 0.49791518 -0.06441005 -0.02658595 -0.06687245 -0.06992897  0.01989785
  0.08773867  0.03381604 -0.01333662 -0.08160407 -0.06028062  0.00942066
  0.02770543]"
clip_00093.wav,orca_call,"[-436.34801938  200.08917022   82.51655852   44.4286212    37.43433973
   23.56502133    0.77877047   -9.43581483   -6.17621494    5.56966014
   11.89348361    7.95897383   -0.71829875]","[-0.79686849  1.06474435  0.02810691 -0.14121715  0.19717673  0.10107615
 -0.17776471 -0.3182424  -0.28537561 -0.05904514  0.11698179  0.08486431
 -0.14421937]"
neg_00093.wav,no_call,"[-390.47560988  204.79392306  105.24777981   47.8304076    33.29752447
   20.87534091   -1.83104005  -15.93746626  -10.242694      5.28395867
   12.19103875    5.35796339   -3.01033372]","[ 0.87424017 -0.19028796 -0.14956459 -0.13289205 -0.11319232 -0.07424531
 -0.03974295 -0.02761671 -0.00989979  0.00688964  0.0149806   0.00969337
 -0.00745367]"
clip_00094.wav,orca_call,"[-424.28254155  215.02902853   75.92458705   31.50452726   27.88387682
   19.60008198   -1.73225019  -10.04112473   -2.97281385   12.7570786
   14.20733011    5.47444957   -2.12433898]","[-0.34109771  0.39043989  0.12726263  0.00886489  0.07013018 -0.01296353
 -0.13142024 -0.1110448  -0.07486003 -0.05073359 -0.04949888 -0.05751406
 -0.05946286]"
neg_00094.wav,no_call,"[-413.42235726  209.73762902   66.30076392   32.89231262   35.24743663
   22.82037267    1.67756887  -11.03849924  -10.0794689     6.50511213
   17.51621663    9.9673296    -1.27597489]","[-0.75032876  0.23765507  0.07529297 -0.13877836 -0.04025711  0.04894926
  0.00770156  0.0165231   0.01429195 -0.01168894 -0.01949373  0.01238337
 -0.01292415]"
clip_00095.wav,orca_call,"[-424.79363495  213.2240584    82.00482741   32.86767404   29.05720211
   20.46943142    1.14504303  -10.65733152   -5.10136541    9.24876733
   13.74542989    5.7074656    -1.61452747]","[-0.67189127  0.41787121  0.17051658 -0.09447199 -0.16646238 -0.18418784
 -0.12517258  0.00280548  0.18364082  0.18573288  0.02608441 -0.10432485
 -0.13084641]"
neg_00095.wav,no_call,"[-406.17633871  215.39776346   64.54424913   34.97323554   28.74872456
   15.91688585   -1.47079908  -14.73805385  -12.669769      5.42232137
   14.20339094   14.62042175    5.81665158]","[-0.26409561  0.1927958   0.10139471  0.00963516 -0.02276654 -0.09656826
 -0.0957541  -0.03016351 -0.01432911 -0.01885272  0.03079387  0.04451008
  0.04261258]"
clip_00096.wav,orca_call,"[-4.22249511e+02  2.06077359e+02  8.21493908e+01  3.76068399e+01
  3.21611145e+01  2.13205511e+01  1.36391656e+00 -1.04353341e+01
 -6.36690509e+00  7.23745716e+00  1.41165937e+01  8.81653347e+00
  3.75935333e-01]","[-0.3667599  -0.13030848  0.10144568  0.14380822  0.00219372 -0.07986949
 -0.04339532 -0.01221712  0.06797406  0.01273279 -0.07792139 -0.02532621
  0.0088958 ]"
neg_00096.wav,no_call,"[-532.75005919  115.04527611   47.07092405   40.51559141   27.46681937
   24.70980702   14.11660797   17.13868957    8.04759929   11.70871579
    6.07752008    9.65013091    1.52083784]","[ 0.1358629  -0.06094634 -0.12764361  0.03691229  0.05248152  0.01417039
  0.0253511   0.05768208 -0.02232267 -0.00780867 -0.01379071  0.02903641
  0.01568378]"
clip_00097.wav,orca_call,"[-426.50638918  213.70012661   77.15771196   35.07196273   31.49599508
   22.13335995   -1.44008839  -14.87310043   -8.77699844   11.35324922
   18.84648575   10.85032545   -0.59875187]","[-0.15959451  0.19569874  0.28695413  0.03090968 -0.07466444 -0.08488702
  0.03912414  0.17300198  0.06139084 -0.10642043 -0.04979931  0.09209314
  0.14605731]"
neg_00097.wav,no_call,"[-401.03523561  208.6802679    88.97273004   43.23787951   37.5525362
   20.51753292   -1.75311706  -15.66214162  -14.75707195    2.01519514
   13.87474703    4.85497362   -7.13173831]","[-0.10289524 -0.09216332 -0.0102986  -0.04394346 -0.03567171  0.03345692
  0.00376237 -0.06384819 -0.05529251 -0.05699209 -0.06616179  0.00304144
  0.04397219]"
clip_00098.wav,orca_call,"[-4.27735016e+02  2.11114067e+02  7.95784495e+01  3.72262990e+01
  3.16030240e+01  2.18159482e+01 -3.77649025e-01 -1.32713649e+01
 -9.12427443e+00  9.10823324e+00  1.79146452e+01  1.11192570e+01
 -3.11293028e-01]","[-0.81666774  0.17315763  0.21310587  0.13806594  0.11067673  0.13173018
  0.05214057 -0.0510745  -0.0443489  -0.01975326 -0.01015099 -0.00794907
 -0.01710823]"
neg_00098.wav,no_call,"[-8.09893369e+01  2.15831828e+02  1.65816094e+01  3.20576968e+01
  3.10551588e+00  6.12913265e+00 -3.52029514e+00  1.84609303e+00
 -1.77339838e+00  1.39791105e-01 -3.79172681e+00 -1.06104572e+00
 -3.63634178e+00]","[-0.29996062  0.09303536  0.04979489  0.02275982  0.08901605  0.07073867
  0.05867002 -0.03335997 -0.0534175  -0.10261803 -0.06998304 -0.06525633
 -0.02574931]"
clip_00099.wav,orca_call,"[-430.56538639  208.00317615   81.10250295   38.2532903    32.2617622
   22.85340446   -0.43974348  -13.43942473   -9.8223462     6.38028217
   14.4762224    10.89080148    2.2137854 ]","[-1.03484482  0.45457236  0.28436377  0.05548153 -0.05810281  0.00298818
 -0.06731481 -0.086638   -0.05062389 -0.0119771   0.05999736  0.02028339
 -0.00356601]"
neg_00099.wav,no_call,"[-364.08164687  224.63496271  103.41785871   40.30798558   29.93030926
   17.62793821   -7.70418351  -21.91948003  -13.6191814     5.34822045
   13.32785618    3.78622779   -6.60337948]","[ 0.24861427 -0.08164652 -0.02480629  0.01605303  0.03232429  0.0501529
  0.07140498  0.03791956 -0.06921147 -0.1536865  -0.1449816  -0.07411007
 -0.01402816]"
clip_00100.wav,orca_call,"[-4.39549498e+02  2.01953458e+02  8.60662012e+01  4.09082054e+01
  3.49266525e+01  2.24815745e+01  8.98340027e-01 -1.18673048e+01
 -6.49998755e+00  9.23395305e+00  1.66129789e+01  9.41039682e+00
  1.85592902e-01]","[-0.28519991  0.11594563  0.0389645   0.01355802  0.02357708  0.00096787
 -0.03079818 -0.06218299 -0.03007192  0.03324262  0.04383561  0.00141786
 -0.01486137]"
neg_00100.wav,no_call,"[-3.26549512e+02  2.25045222e+02  9.17818383e+01  2.62314591e+01
  2.67025607e+01  2.44416215e+01  1.03183756e-01 -1.87003235e+01
 -1.30253385e+01  9.37452666e+00  2.18641189e+01  9.91659317e+00
 -6.83989448e+00]","[-0.74125779  0.44854726  0.22754614 -0.19381719 -0.06012966  0.03146587
 -0.02779558 -0.10196686 -0.04041992  0.09516137  0.11910505  0.00655208
 -0.03253675]"
